{"loss_pi":-0.0004911388969048858,"epoch":99,"_wandb":{"runtime":6605},"episodic_length":6,"_timestamp":1.745836497137947e+09,"_runtime":6604.741400964,"_step":72382,"episodic_return":0.7737809374999999,"kl":0.00019578276892428682,"loss_v":0.02026360109448433}