{"_runtime":3.29645872,"_step":53,"epoch":0,"episodic_return":-0.08673601218906171,"_wandb":{"runtime":4},"episodic_length":201,"_timestamp":1.745825893999879e+09}