{"epoch":999,"episodic_return":0.8357968838952139,"loss_pi":-0.000376710930140689,"kl":0.00032997206584943207,"_runtime":5376.616459876,"episodic_length":200,"_timestamp":1.7458337088371727e+09,"_wandb":{"runtime":5377},"loss_v":0.006823915988206863,"_step":94293}